Identification_number,Name,First_Last_Name,Second_Last_Name,Genus,FK_ID_Identity_Type,Issue_Place,Nationality,Birth_Date,Balance_available,Birth_Place,FK_ID_Country ,FK_ID_Department,FK_ID_Municipality,Flag
10117220392,HERNAN DARIO,MEJIA,OCAMPO,M,1,2000-09-23 03:23:34.234,Colombia,23/09/1982,180000,Medellin,1,1,1,I
10117220393,PAOLA ANDREA,LOPEZ,AGUDELO,F,1,2000-09-23 03:23:34.235,Colombia,23/09/1982,177000,Medellin,1,1,1,I
10117220394,JOHN FREDY,RAMIREZ,CANO,M,1,2000-09-23 03:23:34.236,Colombia,23/09/1982,126000,Medellin,1,1,1,I
10117220395,John,Ramirez,Cano,F,1,2000-09-23 03:23:34.237,Colombia,23/09/1982,213000,Medellin,1,1,1,I
10117220396,YALENA,ALVARADO,Franco,M,1,2000-09-23 03:23:34.238,Colombia,23/09/1982,193000,Medellin,1,1,1,I
10117220397,Yalena,Alvarado,Suarez,F,1,2000-09-23 03:23:34.239,Colombia,23/09/1982,495000,Medellin,1,1,1,I
10117220398,MIGDALIA ELENA,URREA,Salazar,M,1,2000-09-23 03:23:34.240,Colombia,23/09/1982,185000,Medellin,1,1,1,I
10117220399,Migdalia,Urrea,Londoño,F,1,2000-09-23 03:23:34.241,Colombia,23/09/1982,205000,Medellin,1,1,1,I
10117220400,ANNY MARGOTH,OSPINA,Julio,M,1,2000-09-23 03:23:34.242,Colombia,23/09/1982,333000,Medellin,1,1,1,I
10117220401,Anny,Ospina,De Arco,F,1,2000-09-23 03:23:34.243,Colombia,23/09/1982,228000,Medellin,1,1,1,I
10117220402,JULIO CALVIN NICOLAS,POMARE,Ceballos,M,1,2000-09-23 03:23:34.244,Colombia,23/09/1982,184000,Medellin,1,1,1,I
10117220403,Calvin,Pomare,Valencia,F,1,2000-09-23 03:23:34.245,Colombia,23/09/1982,304000,Medellin,1,1,1,I
10117220404,ARCO AMANDA MERCEDES,ALCALA,Ortega,M,1,2000-09-23 03:23:34.246,Colombia,23/09/1982,116000,Medellin,1,1,1,I
10117220405,Amanda,Alcala,Restrepo,F,1,2000-09-23 03:23:34.247,Colombia,23/09/1982,336000,Medellin,1,1,1,I
10117220406,ALEXANDER,ALZATE,Franco,M,1,2000-09-23 03:23:34.248,Colombia,23/09/1982,298000,Medellin,1,1,1,I
10117220407,Alexander,Alzate,Aguirre,F,1,2000-09-23 03:23:34.249,Colombia,23/09/1982,138000,Medellin,1,1,1,I
10117220408,EDWIN ALFONSO,LINCE,Bohorquez,M,1,2000-09-23 03:23:34.250,Colombia,23/09/1982,133000,Medellin,1,1,1,I
10117220409,Edwin,Lince,Restrepo,F,1,2000-09-23 03:23:34.251,Colombia,23/09/1982,215000,Medellin,1,1,1,I
10117220410,SANDRA JANNETH,RIAÑO,Giraldo,M,1,2000-09-23 03:23:34.252,Colombia,23/09/1982,255000,Medellin,1,1,1,I
10117220411,LIGIA,AGUDELO,Llanten,F,1,2000-09-23 03:23:34.253,Colombia,23/09/1982,440000,Medellin,1,1,1,I
10117220412,NATALIA MILENA,ZAPATA,Ortega,M,1,2000-09-23 03:23:34.254,Colombia,23/09/1982,363000,Medellin,1,1,1,I
10117220413,LUZ CARIDAD,ZAPATA,Fabregas,F,1,2000-09-23 03:23:34.255,Colombia,23/09/1982,300000,Medellin,1,1,1,I
10117220414,AURA ESTHER,RUDAS,Beltran,M,1,2000-09-23 03:23:34.256,Colombia,23/09/1982,193000,Medellin,1,1,1,I
10117220415,MONICA JANETH,YEPES,Pe?a,F,1,2000-09-23 03:23:34.257,Colombia,23/09/1982,216000,Medellin,1,1,1,I
10117220416,PAULA ANDREA,ESTRADA,Estrada,M,1,2000-09-23 03:23:34.258,Colombia,23/09/1982,316000,Medellin,1,1,1,I
10117220417,NORMA LUCIA,BUSTAMANTE,Cagua,F,1,2000-09-23 03:23:34.259,Colombia,23/09/1982,258000,Medellin,1,1,1,I
10117220418,EDSON ALFONSO,CASTAÑEDA,Higuita,M,1,2000-09-23 03:23:34.260,Colombia,23/09/1982,95000,Medellin,1,1,1,I
10117220419,BEATRIZ ELENA,VELASQUEZ,Correa,F,1,2000-09-23 03:23:34.261,Colombia,23/09/1982,107000,Medellin,1,1,1,I
10117220420,PAULA ANDREA,ZULUAGA,Londoño,M,1,2000-09-23 03:23:34.262,Colombia,23/09/1982,79000,Medellin,1,1,1,I
10117220421,CATALINA,CADAVID,Londoño,F,1,2000-09-23 03:23:34.263,Colombia,23/09/1982,154000,Medellin,1,1,1,I
10117220422,ROBERTO ANTONIO,CADAVID,Pati?o,M,1,2000-09-23 03:23:34.264,Colombia,23/09/1982,498000,Medellin,1,1,1,I
10117220423,NURY MARCELA,RAMIREZ,Ospina,F,1,2000-09-23 03:23:34.265,Colombia,23/09/1982,452000,Medellin,1,1,1,I
10117220424,MAURICIO,ROJAS,Amaya,M,1,2000-09-23 03:23:34.266,Colombia,23/09/1982,90000,Medellin,1,1,1,I
10117220425,SERGIO ALBERTO,PIEDRAHITA,Angarita,F,1,2000-09-23 03:23:34.267,Colombia,23/09/1982,71000,Medellin,1,1,1,I
10117220426,Sergio,Piedrahita,Mendoza,M,1,2000-09-23 03:23:34.268,Colombia,23/09/1982,557000,Medellin,1,1,1,I
10117220427,BAIRON DE,AGUDELO,Londoño,F,1,2000-09-23 03:23:34.269,Colombia,23/09/1982,386000,Medellin,1,1,1,I
10117220428,MARCO ANTONIO,RODRIGUEZ,Herrera,M,1,2000-09-23 03:23:34.270,Colombia,23/09/1982,658000,Medellin,1,1,1,I
10117220429,DIANA PATRICIA,SILGADO,Valencia,F,1,2000-09-23 03:23:34.271,Colombia,23/09/1982,645000,Medellin,1,1,1,I
10117220430,KATHERINE JULIETH,SOLANO,Ruiz,M,1,2000-09-23 03:23:34.272,Colombia,23/09/1982,522000,Medellin,1,1,1,I
10117220431,LUZ ANEIDER,VILLEGAS,Londoño,F,1,2000-09-23 03:23:34.273,Colombia,23/09/1982,306000,Medellin,1,1,1,I
10117220432,JUAN CARLOS,SEPULVEDA,Perez,M,1,2000-09-23 03:23:34.274,Colombia,23/09/1982,467000,Medellin,1,1,1,I
10117220433,Juan,Sepulveda,Nieto,F,1,2000-09-23 03:23:34.275,Colombia,23/09/1982,328000,Medellin,1,1,1,I
10117220434,FRANCY ELENA,LOAIZA,Gomez,M,1,2000-09-23 03:23:34.276,Colombia,23/09/1982,629000,Medellin,1,1,1,I
10117220435,Francy,Loaiza,Gomez,F,1,2000-09-23 03:23:34.277,Colombia,23/09/1982,336000,Medellin,1,1,1,I
10117220436,MONICA MARIA,TAMAYO,Santana,M,1,2000-09-23 03:23:34.278,Colombia,23/09/1982,428000,Medellin,1,1,1,I
10117220437,Monica,Tamayo,Alzate,F,1,2000-09-23 03:23:34.279,Colombia,23/09/1982,348000,Medellin,1,1,1,I
10117220438,SANDRA MILENA,CORTES,Uribe,M,1,2000-09-23 03:23:34.280,Colombia,23/09/1982,253000,Medellin,1,1,1,I
10117220439,JULY MARCELA,GAMBA,Casta?eda,F,1,2000-09-23 03:23:34.281,Colombia,23/09/1982,250000,Medellin,1,1,1,I
10117220440,ELIZABETH,HERRERA,Gmez,M,1,2000-09-23 03:23:34.282,Colombia,23/09/1982,299000,Medellin,1,1,1,I
10117220441,MARYSOL,JIMENEZ,Vanegas,F,1,2000-09-23 03:23:34.283,Colombia,23/09/1982,230000,Medellin,1,1,1,I
10117220442,MARYSOL,JIMENEZ,Guzman,M,1,2000-09-23 03:23:34.284,Colombia,23/09/1982,230000,Medellin,1,1,1,I
10117220443,LILIANA,GIL,Gomez,F,1,2000-09-23 03:23:34.285,Colombia,23/09/1982,38000,Medellin,1,1,1,I
10117220444,LIZETH TATIANA,CORREA,Ochoa,M,1,2000-09-23 03:23:34.286,Colombia,23/09/1982,50000,Medellin,1,1,1,I
10117220445,JANETH ASTRID,CASTRO,Regino,F,1,2000-09-23 03:23:34.287,Colombia,23/09/1982,50000,Medellin,1,1,1,I
10117220446,VANESSA,GONZALEZ,Florez,M,1,2000-09-23 03:23:34.288,Colombia,23/09/1982,60000,Medellin,1,1,1,I
10117220447,FRANCYS LILIANA,QUINTERO,Rodriguez,F,1,2000-09-23 03:23:34.289,Colombia,23/09/1982,55000,Medellin,1,1,1,I
10117220448,LUISA FERNANDA,GARCIA,Quintero,M,1,2000-09-23 03:23:34.290,Colombia,23/09/1982,65000,Medellin,1,1,1,I
10117220449,MARIA ANGELICA,DIAZ,Montoya,F,1,2000-09-23 03:23:34.291,Colombia,23/09/1982,70000,Medellin,1,1,1,I
10117220450,HECTOR ALONSO,BELTRAN,Orrego,M,1,2000-09-23 03:23:34.292,Colombia,23/09/1982,60000,Medellin,1,1,1,I
10117220451,LUZ ESTELA,LOPEZ,Arango,F,1,2000-09-23 03:23:34.293,Colombia,23/09/1982,60000,Medellin,1,1,1,I
10117220452,ALEXANDRA MILENA,ROLON,Davila,M,1,2000-09-23 03:23:34.294,Colombia,23/09/1982,48000,Medellin,1,1,1,I
10117220453,DIANA CAROLINA,MANRIQUE,Navarro,F,1,2000-09-23 03:23:34.295,Colombia,23/09/1982,40000,Medellin,1,1,1,I
10117220454,ELIZABETH CRISTINA,MUÑOZ,Bejarano,M,1,2000-09-23 03:23:34.296,Colombia,23/09/1982,25000,Medellin,1,1,1,I
10117220455,LILIANA SOFIA,NOREÑA,Villadiego,F,1,2000-09-23 03:23:34.297,Colombia,23/09/1982,100000,Medellin,1,1,1,I
10117220456,DIANA MERCEDES,LOZANO,Castrillon,M,1,2000-09-23 03:23:34.298,Colombia,23/09/1982,80000,Medellin,1,1,1,I
10117220457,Diana,Lozano,Contreras,F,1,2000-09-23 03:23:34.299,Colombia,23/09/1982,200000,Medellin,1,1,1,I
10117220458,JORGE ANDRES,VIVARES,Muela,M,1,2000-09-23 03:23:34.300,Colombia,23/09/1982,0,Medellin,1,1,1,I
10117220459,Jorge,Vivares,Quiceno,F,1,2000-09-23 03:23:34.301,Colombia,23/09/1982,0,Medellin,1,1,1,I
10117220460,JULIETA,GORDON,Molina,M,1,2000-09-23 03:23:34.302,Colombia,23/09/1982,0,Medellin,1,1,1,I
10117220461,Julieta,Gordon,Baron,F,1,2000-09-23 03:23:34.303,Colombia,23/09/1982,0,Medellin,1,1,1,I
10117220462,YENY PATRICIA,BOLAÑOS,Villegas,M,1,2000-09-23 03:23:34.304,Colombia,23/09/1982,0,Medellin,1,1,1,I
10117220463,Yeny,Bola?os,Londoño,F,1,2000-09-23 03:23:34.305,Colombia,23/09/1982,0,Medellin,1,1,1,I
10117220464,LUIS FERNANDO,VILLA,Londoño,M,1,2000-09-23 03:23:34.306,Colombia,23/09/1982,0,Medellin,1,1,1,I
10117220465,Luis,Villa,Rios,F,1,2000-09-23 03:23:34.307,Colombia,23/09/1982,0,Medellin,1,1,1,I
10117220466,ROSIBEL,CARPIO,Manzo,M,1,2000-09-23 03:23:34.308,Colombia,23/09/1982,0,Medellin,1,1,1,I
10117220467,Rosibel,Carpio,Mendivelso,F,1,2000-09-23 03:23:34.309,Colombia,23/09/1982,0,Medellin,1,1,1,I
10117220468,ANDREA CAROLINA,GAITAN,Hoyos,M,1,2000-09-23 03:23:34.310,Colombia,23/09/1982,0,Medellin,1,1,1,I
10117220469,Andrea,Gaitan,Indabur,F,1,2000-09-23 03:23:34.311,Colombia,23/09/1982,0,Medellin,1,1,1,I
10117220470,CAROLINA ANDREA,GARCIA,Pati?o,M,1,2000-09-23 03:23:34.312,Colombia,23/09/1982,0,Medellin,1,1,1,I
10117220471,JESICA JOHANA,PEREZ,Londoño,F,1,2000-09-23 03:23:34.313,Colombia,23/09/1982,0,Medellin,1,1,1,I
10117220472,MARTHA YANETH,OSMA,Mesa,M,1,2000-09-23 03:23:34.314,Colombia,23/09/1982,0,Medellin,1,1,1,I
10117220473,Martha,Osma,Lopez,F,1,2000-09-23 03:23:34.315,Colombia,23/09/1982,0,Medellin,1,1,1,I
10117220474,MARIA CAMILA,OSPINA,Gonzalez,M,1,2000-09-23 03:23:34.316,Colombia,23/09/1982,0,Medellin,1,1,1,I
10117220475,Maria,Ospina,Londoño,F,1,2000-09-23 03:23:34.317,Colombia,23/09/1982,0,Medellin,1,1,1,I
10117220476,ANA MARIA,SANCHEZ,Betancur,M,1,2000-09-23 03:23:34.318,Colombia,23/09/1982,0,Medellin,1,1,1,I
10117220477,DIANA,HENAO,Quinchia,F,1,2000-09-23 03:23:34.319,Colombia,23/09/1982,0,Medellin,1,1,1,I
10117220478,JOHN EIDER,CANO,Londo?o,M,1,2000-09-23 03:23:34.320,Colombia,23/09/1982,0,Medellin,1,1,1,I
10117220479,John,Cano,Londoño,F,1,2000-09-23 03:23:34.321,Colombia,23/09/1982,0,Medellin,1,1,1,I
10117220480,STEFANY DEL,CARMEN,Loaiza,M,1,2000-09-23 03:23:34.322,Colombia,23/09/1982,0,Medellin,1,1,1,I
10117220481,JUAN DAVID,MONTOYA,Londoño,F,1,2000-09-23 03:23:34.323,Colombia,23/09/1982,0,Medellin,1,1,1,I
10117220482,YENNY YAMILE,ARISTIZABAL,Ramirez,M,1,2000-09-23 03:23:34.324,Colombia,23/09/1982,0,Medellin,1,1,1,I
10117220483,CINDY JULIERTH,CATAÑO,Londoño,F,1,2000-09-23 03:23:34.325,Colombia,23/09/1982,0,Medellin,1,1,1,I
10117220484,SEBASTIAN ANTONIO,MONTOYA,Ramos,M,1,2000-09-23 03:23:34.326,Colombia,23/09/1982,0,Medellin,1,1,1,I
10117220485,LINA MARCELA,MUNERA,Londoño,F,1,2000-09-23 03:23:34.327,Colombia,23/09/1982,0,Medellin,1,1,1,I
10117220486,YAMILETH,CARVAJAL,Vega,M,1,2000-09-23 03:23:34.328,Colombia,23/09/1982,0,Medellin,1,1,1,I
10117220487,LAURA YESENIA,JARAMILLO,Castillo,F,1,2000-09-23 03:23:34.329,Colombia,23/09/1982,0,Medellin,1,1,1,I
10117220488,Laura,Jaramillo,Londoño,M,1,2000-09-23 03:23:34.330,Colombia,23/09/1982,0,Medellin,1,1,1,I
10117220489,ANA MARIA,ESTRADA,Londoño,F,1,2000-09-23 03:23:34.331,Colombia,23/09/1982,0,Medellin,1,1,1,I
10117220490,CAROLINA,ALVAREZ,Londoño,M,1,2000-09-23 03:23:34.332,Colombia,23/09/1982,0,Medellin,1,1,1,I
10117220491,JAVIER ALFONSO,ALMEIDA,Arroyave,F,1,2000-09-23 03:23:34.333,Colombia,23/09/1982,0,Medellin,1,1,1,I
10117220492,SAHILY ALEXANDRA,OROZCO,Cabrera,M,1,2000-09-23 03:23:34.334,Colombia,23/09/1982,0,Medellin,1,1,1,I
10117220493,MARIA YURANY,CHAVARRIA,Londoño,F,1,2000-09-23 03:23:34.335,Colombia,23/09/1982,0,Medellin,1,1,1,I
10117220494,Maria,Chavarria,Mosquera,M,1,2000-09-23 03:23:34.336,Colombia,23/09/1982,0,Medellin,1,1,1,I
10117220495,MONICA MARIA,AGUIRRE,Guerra,F,1,2000-09-23 03:23:34.337,Colombia,23/09/1982,0,Medellin,1,1,1,I
10117220496,LINA MARCELA,ALZATE,Perez,M,1,2000-09-23 03:23:34.338,Colombia,23/09/1982,0,Medellin,1,1,1,I
10117220497,CRISTIAN,AGUDELO,Rendon,F,1,2000-09-23 03:23:34.339,Colombia,23/09/1982,0,Medellin,1,1,1,I
10117220498,Cristian,Agudelo,Ortiz,M,1,2000-09-23 03:23:34.340,Colombia,23/09/1982,0,Medellin,1,1,1,I
10117220499,MARIA JANETH,HENAO,Agudelo,F,1,2000-09-23 03:23:34.341,Colombia,23/09/1982,0,Medellin,1,1,1,I
10117220500,ROSSI PAOLA,IBARRA,Becerra,M,1,2000-09-23 03:23:34.342,Colombia,23/09/1982,0,Medellin,1,1,1,I
10117220501,PAOLA ANDREA,SANCHEZ,Madrid,F,1,2000-09-23 03:23:34.343,Colombia,23/09/1982,0,Medellin,1,1,1,I
10117220502,JUAN CARLOS,CANO,Marin,M,1,2000-09-23 03:23:34.344,Colombia,23/09/1982,0,Medellin,1,1,1,I
10117220503,JEIMMY NATALIA,VELA,Ortiz,F,1,2000-09-23 03:23:34.345,Colombia,23/09/1982,0,Medellin,1,1,1,I
10117220504,JULIAN ALBERTO,CUZA,Londoño,M,1,2000-09-23 03:23:34.346,Colombia,23/09/1982,0,Medellin,1,1,1,I
10117220505,MARITZA,VALENCIA,Betancourt,F,1,2000-09-23 03:23:34.347,Colombia,23/09/1982,0,Medellin,1,1,1,I
10117220506,ELSA MARIA,MONSALVE,Ramirez,M,1,2000-09-23 03:23:34.348,Colombia,23/09/1982,0,Medellin,1,1,1,I
10117220507,CAMILO ESTEBAN,CORREA,Cano,F,1,2000-09-23 03:23:34.349,Colombia,23/09/1982,0,Medellin,1,1,1,I
10117220508,EDWIN ALBERTO,ERAZO,Sanchez,M,1,2000-09-23 03:23:34.350,Colombia,23/09/1982,0,Medellin,1,1,1,I
10117220509,CARLOS MARIO,DIAZ,Henao,F,1,2000-09-23 03:23:34.351,Colombia,23/09/1982,0,Medellin,1,1,1,I
10117220510,JENIFER ALEXANDRA,GOMEZ,Tafur,M,1,2000-09-23 03:23:34.352,Colombia,23/09/1982,0,Medellin,1,1,1,I
10117220511,RUTH,TRUJILLO,Maya,F,1,2000-09-23 03:23:34.353,Colombia,23/09/1982,0,Medellin,1,1,1,I
10117220512,VERONICA,RUIZ,Ome,M,1,2000-09-23 03:23:34.354,Colombia,23/09/1982,0,Medellin,1,1,1,I
10117220513,EVELYN,GIRALDO,Lopez,F,1,2000-09-23 03:23:34.355,Colombia,23/09/1982,0,Medellin,1,1,1,I
10117220514,ANGIE PAOLA,CHAVARRO,Alvarado,M,1,2000-09-23 03:23:34.356,Colombia,23/09/1982,0,Medellin,1,1,1,I
10117220515,YUDY MARCELA,SUAREZ,Villada,F,1,2000-09-23 03:23:34.357,Colombia,23/09/1982,0,Medellin,1,1,1,I
10117220516,LISED CAROLINA,LOPERA,Villada,M,1,2000-09-23 03:23:34.358,Colombia,23/09/1982,0,Medellin,1,1,1,I
10117220517,Lised,Lopera,Solar,F,1,2000-09-23 03:23:34.359,Colombia,23/09/1982,0,Medellin,1,1,1,I
10117220518,KAREN DANIELA,GUERRA,Solar,M,1,2000-09-23 03:23:34.360,Colombia,23/09/1982,0,Medellin,1,1,1,I
10117220519,LEYDI DIANA,SALAS,Pe?uela,F,1,2000-09-23 03:23:34.361,Colombia,23/09/1982,0,Medellin,1,1,1,I
10117220520,CLARA ISABEL,TORRE,Pe?uela,M,1,2000-09-23 03:23:34.362,Colombia,23/09/1982,0,Medellin,1,1,1,I
10117220521,Clara,Torre,Mora,F,1,2000-09-23 03:23:34.363,Colombia,23/09/1982,0,Medellin,1,1,1,I
10117220522,VIVIAN LISETH,MONTERO,Parra,M,1,2000-09-23 03:23:34.364,Colombia,23/09/1982,0,Medellin,1,1,1,I
10117220523,Vivian,Montero,Parra,F,1,2000-09-23 03:23:34.365,Colombia,23/09/1982,0,Medellin,1,1,1,I
10117220524,DERLY VANESSA,ZAPATA,Espinosa,M,1,2000-09-23 03:23:34.366,Colombia,23/09/1982,0,Medellin,1,1,1,I
10117220525,Derly,Zapata,Espinosa,F,1,2000-09-23 03:23:34.367,Colombia,23/09/1982,0,Medellin,1,1,1,I
10117220526,JULIET STEFANY,MUNERA,Hernandez,M,1,2000-09-23 03:23:34.368,Colombia,23/09/1982,0,Medellin,1,1,1,I
10117220527,Juliet,Munera,Hernandez,F,1,2000-09-23 03:23:34.369,Colombia,23/09/1982,0,Medellin,1,1,1,I
10117220528,IVONNE ALEXANDRA,ROMAN,Mora,M,1,2000-09-23 03:23:34.370,Colombia,23/09/1982,0,Medellin,1,1,1,I
10117220529,Ivonne,Roman,Mora,F,1,2000-09-23 03:23:34.371,Colombia,23/09/1982,0,Medellin,1,1,1,I
10117220530,MARLYBETH,GUTIERREZ,Londoño,M,1,2000-09-23 03:23:34.372,Colombia,23/09/1982,0,Medellin,1,1,1,I
10117220531,JUAN MANUEL,DAZA,Valencia,F,1,2000-09-23 03:23:34.373,Colombia,23/09/1982,0,Medellin,1,1,1,I
10117220532,Juan,Daza,Valencia,M,1,2000-09-23 03:23:34.374,Colombia,23/09/1982,0,Medellin,1,1,1,I
10117220533,NINI JOHANNA,ALFONSO,Garcia,F,1,2000-09-23 03:23:34.375,Colombia,23/09/1982,0,Medellin,1,1,1,I
10117220534,Nini,Alfonso,Garcia,M,1,2000-09-23 03:23:34.376,Colombia,23/09/1982,0,Medellin,1,1,1,I
10117220535,DAVID ENRIQUE,OLARTE PEREZ,Velasquez,F,1,2000-09-23 03:23:34.377,Colombia,23/09/1982,0,Medellin,1,1,1,I
10117220536,David,Olarte,Velasquez,M,1,2000-09-23 03:23:34.378,Colombia,23/09/1982,0,Medellin,1,1,1,I
10117220537,JOSE EDUARDO,BUELVAS,Gonzalez,F,1,2000-09-23 03:23:34.379,Colombia,23/09/1982,0,Medellin,1,1,1,I
10117220538,ELKIN ANTONIO,BERNAL,Gonzalez,M,1,2000-09-23 03:23:34.380,Colombia,23/09/1982,0,Medellin,1,1,1,I
10117220539,Elkin,Bernal,Quintero,F,1,2000-09-23 03:23:34.381,Colombia,23/09/1982,0,Medellin,1,1,1,I
10117220540,VANESSA,PEREZ,Garcia,M,1,2000-09-23 03:23:34.382,Colombia,23/09/1982,0,Medellin,1,1,1,I
10117220541,Vanessa,Perez,Garcia,F,1,2000-09-23 03:23:34.383,Colombia,23/09/1982,0,Medellin,1,1,1,I
10117220542,MARTHA CLAIRE,ALFONSO,Rojas,M,1,2000-09-23 03:23:34.384,Colombia,23/09/1982,0,Medellin,1,1,1,I
10117220543,Martha,Alfonso,Rojas,F,1,2000-09-23 03:23:34.385,Colombia,23/09/1982,0,Medellin,1,1,1,I
10117220544,YULIAN ALEXANDER,RAMIREZ,Carrasquilla,M,1,2000-09-23 03:23:34.386,Colombia,23/09/1982,0,Medellin,1,1,1,I
10117220545,Yulian,Ramirez,Carrasquilla,F,1,2000-09-23 03:23:34.387,Colombia,23/09/1982,0,Medellin,1,1,1,I
10117220546,STEBEN ELIECER,AYALA,Marin,M,1,2000-09-23 03:23:34.388,Colombia,23/09/1982,0,Medellin,1,1,1,I
10117220547,SANDRA MILENA,GALINDO,Marin,F,1,2000-09-23 03:23:34.389,Colombia,23/09/1982,0,Medellin,1,1,1,I
10117220548,Sandra,Galindo,Gallego,M,1,2000-09-23 03:23:34.390,Colombia,23/09/1982,0,Medellin,1,1,1,I
10117220549,JENNIFER YULIHET,MEJIA,Gallego,F,1,2000-09-23 03:23:34.391,Colombia,23/09/1982,0,Medellin,1,1,1,I
10117220550,Jennifer,Mejia,Torres,M,1,2000-09-23 03:23:34.392,Colombia,23/09/1982,0,Medellin,1,1,1,I
10117220551,JAKELINE,BETANCUR,Torres,F,1,2000-09-23 03:23:34.393,Colombia,23/09/1982,0,Medellin,1,1,1,I
10117220552,Jakeline,Betancur,Castro,M,1,2000-09-23 03:23:34.394,Colombia,23/09/1982,0,Medellin,1,1,1,I
10117220553,LUZ MERY,GIRALDO,Castro,F,1,2000-09-23 03:23:34.395,Colombia,23/09/1982,0,Medellin,1,1,1,I
10117220554,Luz,Giraldo,Velasquez,M,1,2000-09-23 03:23:34.396,Colombia,23/09/1982,0,Medellin,1,1,1,I
10117220555,ESTEFANIA,ARREDONDO,Velasquez,F,1,2000-09-23 03:23:34.397,Colombia,23/09/1982,0,Medellin,1,1,1,I
10117220556,Estefania,Arredondo,Rojas,M,1,2000-09-23 03:23:34.398,Colombia,23/09/1982,0,Medellin,1,1,1,I
10117220557,MARIA JOSE,FRANCO,Rojas,F,1,2000-09-23 03:23:34.399,Colombia,23/09/1982,0,Medellin,1,1,1,I
10117220558,LINEY STEFANY,ESCUDERO,Rodelo,M,1,2000-09-23 03:23:34.400,Colombia,23/09/1982,0,Medellin,1,1,1,I
10117220559,Liney,Escudero,Rodelo,F,1,2000-09-23 03:23:34.401,Colombia,23/09/1982,0,Medellin,1,1,1,I
10117220560,HEIDY MARYORI,ECHEVERRY,Monsalve,M,1,2000-09-23 03:23:34.402,Colombia,23/09/1982,0,Medellin,1,1,1,I
10117220561,Heidy,Echeverry,Monsalve,F,1,2000-09-23 03:23:34.403,Colombia,23/09/1982,0,Medellin,1,1,1,I
10117220562,Diana Cecilia,Abonia,Peinado,M,1,2000-09-23 03:23:34.404,Colombia,23/09/1982,0,Medellin,1,1,1,I
10117220563,DANIELA,BERRIO,Peinado,F,1,2000-09-23 03:23:34.405,Colombia,23/09/1982,0,Medellin,1,1,1,I
10117220564,Daniela,Berrio,Portilla,M,1,2000-09-23 03:23:34.406,Colombia,23/09/1982,0,Medellin,1,1,1,I
10117220565,ALMA ROSA,AGAMEZ,Portilla,F,1,2000-09-23 03:23:34.407,Colombia,23/09/1982,0,Medellin,1,1,1,I
10117220566,Alma,Agamez,Marin,M,1,2000-09-23 03:23:34.408,Colombia,23/09/1982,0,Medellin,1,1,1,I
10117220567,LAURA VANESSA,RAMIREZ,Marin,F,1,2000-09-23 03:23:34.409,Colombia,23/09/1982,0,Medellin,1,1,1,I
10117220568,Laura,Ramirez,Garcia,M,1,2000-09-23 03:23:34.410,Colombia,23/09/1982,0,Medellin,1,1,1,I
10117220569,FRANCY ALEIDA,RAMIREZ,Garcia,F,1,2000-09-23 03:23:34.411,Colombia,23/09/1982,0,Medellin,1,1,1,I
10117220570,Francy,Ramirez,Moreno,M,1,2000-09-23 03:23:34.412,Colombia,23/09/1982,0,Medellin,1,1,1,I
10117220571,DIANA MARCELA,ECHEVERRI,Moreno,F,1,2000-09-23 03:23:34.413,Colombia,23/09/1982,0,Medellin,1,1,1,I
10117220572,Diana,Echeverri,Daza,M,1,2000-09-23 03:23:34.414,Colombia,23/09/1982,0,Medellin,1,1,1,I
10117220573,ROBINSON ENRIQUE,FRIAS,Daza,F,1,2000-09-23 03:23:34.415,Colombia,23/09/1982,0,Medellin,1,1,1,I
10117220574,Robinson,Frias,Lopez,M,1,2000-09-23 03:23:34.416,Colombia,23/09/1982,0,Medellin,1,1,1,I
10117220575,NATALIA ANDREA,LOPERA,Lopez,F,1,2000-09-23 03:23:34.417,Colombia,23/09/1982,0,Medellin,1,1,1,I
10117220576,Natalia,Lopera,Castro,M,1,2000-09-23 03:23:34.418,Colombia,23/09/1982,0,Medellin,1,1,1,I
10117220577,JULIAN ANDRES,JIMENEZ,Castro,F,1,2000-09-23 03:23:34.419,Colombia,23/09/1982,0,Medellin,1,1,1,I
10117220578,Julian,Jimenez,Romero,M,1,2000-09-23 03:23:34.420,Colombia,23/09/1982,0,Medellin,1,1,1,I
10117220579,COLOMBIA JOANA,ZAPATA,Romero,F,1,2000-09-23 03:23:34.421,Colombia,23/09/1982,0,Medellin,1,1,1,I
10117220580,Colombia,Zapata,Saenz,M,1,2000-09-23 03:23:34.422,Colombia,23/09/1982,0,Medellin,1,1,1,I
10117220581,JOHN MARIO,MUÑOZ,Saenz,F,1,2000-09-23 03:23:34.423,Colombia,23/09/1982,0,Medellin,1,1,1,I
10117220582,John,Mu?oz,Sosa,M,1,2000-09-23 03:23:34.424,Colombia,23/09/1982,0,Medellin,1,1,1,I
10117220583,WILLIAM ALEXANDER,MATEUS,Sosa,F,1,2000-09-23 03:23:34.425,Colombia,23/09/1982,0,Medellin,1,1,1,I
10117220584,JOSE ENRIQUE,BERARDINELLI,Solano,M,1,2000-09-23 03:23:34.426,Colombia,23/09/1982,0,Medellin,1,1,1,I
10117220585,ELIZABETH,ZAPATA,Solano,F,1,2000-09-23 03:23:34.427,Colombia,23/09/1982,0,Medellin,1,1,1,I
10117220586,YENY PAOLA,NOVOA,Ospina,M,1,2000-09-23 03:23:34.428,Colombia,23/09/1982,0,Medellin,1,1,1,I
10117220587,Yeny,Novoa,Ospina,F,1,2000-09-23 03:23:34.429,Colombia,23/09/1982,0,Medellin,1,1,1,I
10117220588,GIANCARLO,LALINDE,Benitez,M,1,2000-09-23 03:23:34.430,Colombia,23/09/1982,0,Medellin,1,1,1,I
10117220589,Giancarlo,Lalinde,Benitez,F,1,2000-09-23 03:23:34.431,Colombia,23/09/1982,0,Medellin,1,1,1,I
10117220590,MARIA VIDALIA,BEDOYA,Prada,M,1,2000-09-23 03:23:34.432,Colombia,23/09/1982,0,Medellin,1,1,1,I
10117220591,Maria,Bedoya,Prada,F,1,2000-09-23 03:23:34.433,Colombia,23/09/1982,0,Medellin,1,1,1,I
10117220592,VIVIANA DEL ROSARIO,CUEVAS,Londoño,M,1,2000-09-23 03:23:34.434,Colombia,23/09/1982,0,Medellin,1,1,1,I
10117220593,Viviana,Cuevas,Ruiz,F,1,2000-09-23 03:23:34.435,Colombia,23/09/1982,0,Medellin,1,1,1,I
10117220594,CARLOS ANDRES,RENDON,Los Rios Ospin,M,1,2000-09-23 03:23:34.436,Colombia,23/09/1982,0,Medellin,1,1,1,I
10117220595,MARIA DEL PILAR,GUTIERREZ,Ospina,F,1,2000-09-23 03:23:34.437,Colombia,23/09/1982,0,Medellin,1,1,1,I
10117220596,JULIETTE ESPERANZA,VASQUEZ,Betancur,M,1,2000-09-23 03:23:34.438,Colombia,23/09/1982,0,Medellin,1,1,1,I
10117220597,GREISY YOHANA,CARRASQUILLA,Betancur,F,1,2000-09-23 03:23:34.439,Colombia,23/09/1982,0,Medellin,1,1,1,I
10117220598,Greisy,Carrasquilla,Rueda,M,1,2000-09-23 03:23:34.440,Colombia,23/09/1982,0,Medellin,1,1,1,I
10117220599,ELIZABETH,ROJAS,Rueda,F,1,2000-09-23 03:23:34.441,Colombia,23/09/1982,0,Medellin,1,1,1,I
10117220600,Elizabeth,Rojas,Monroy,M,1,2000-09-23 03:23:34.442,Colombia,23/09/1982,0,Medellin,1,1,1,I
10117220601,DENYSSE,RUGE,Rizzo,F,1,2000-09-23 03:23:34.443,Colombia,23/09/1982,0,Medellin,1,1,1,I
10117220602,Denysse,Ruge,Rizzo,M,1,2000-09-23 03:23:34.444,Colombia,23/09/1982,0,Medellin,1,1,1,I
10117220603,MARIA DE LOS ANGELES,CASTILLO,Guayazan,F,1,2000-09-23 03:23:34.445,Colombia,23/09/1982,0,Medellin,1,1,1,I
10117220604,Maria,Castilla,Guayazan,M,1,2000-09-23 03:23:34.446,Colombia,23/09/1982,0,Medellin,1,1,1,I
10117220605,ESTEBAN,DUQUE,Londoño,F,1,2000-09-23 03:23:34.447,Colombia,23/09/1982,0,Medellin,1,1,1,I
10117220606,Esteban,Duque,Rincon,M,1,2000-09-23 03:23:34.448,Colombia,23/09/1982,0,Medellin,1,1,1,I
10117220607,YURLEY,VELEZ,Londoño,F,1,2000-09-23 03:23:34.449,Colombia,23/09/1982,0,Medellin,1,1,1,I
10117220608,Yurley,Velez,Londoño,M,1,2000-09-23 03:23:34.450,Colombia,23/09/1982,0,Medellin,1,1,1,I
10117220609,LEANY,VILLADA,RIOS,F,1,2000-09-23 03:23:34.451,Colombia,23/09/1982,0,Medellin,1,1,1,I
10117220610,Leany,Villada,Londoño,M,1,2000-09-23 03:23:34.452,Colombia,23/09/1982,0,Medellin,1,1,1,I
10117220611,JUAN MANUEL,SANCHEZ,MANZO,F,1,2000-09-23 03:23:34.453,Colombia,23/09/1982,0,Medellin,1,1,1,I
10117220612,Juan,Sanchez,Londoño,M,1,2000-09-23 03:23:34.454,Colombia,23/09/1982,0,Medellin,1,1,1,I
10117220613,YESSICA PAOLA,CALA,MENDIVELSO,F,1,2000-09-23 03:23:34.455,Colombia,23/09/1982,0,Medellin,1,1,1,I
10117220614,Yessica,Cala,Londoño,M,1,2000-09-23 03:23:34.456,Colombia,23/09/1982,0,Medellin,1,1,1,I
10117220615,BIBIANA,GALVEZ,HOYOS,F,1,2000-09-23 03:23:34.457,Colombia,23/09/1982,0,Medellin,1,1,1,I
10117220616,Bibiana,Galvez,Londoño,M,1,2000-09-23 03:23:34.458,Colombia,23/09/1982,0,Medellin,1,1,1,I
10117220617,MARLON HERNAN,OSSA,INDABUR,F,1,2000-09-23 03:23:34.459,Colombia,23/09/1982,0,Medellin,1,1,1,I
10117220618,Marlon,Ossa,Londoño,M,1,2000-09-23 03:23:34.460,Colombia,23/09/1982,0,Medellin,1,1,1,I
10117220619,Susana,Meza,Patiño,F,1,2000-09-23 03:23:34.461,Colombia,23/09/1982,0,Medellin,1,1,1,I
10117220620,Susana,Meza,Londoño,M,1,2000-09-23 03:23:34.462,Colombia,23/09/1982,0,Medellin,1,1,1,I
10117220621,ERIKA,HINCAPIE,ORTIZ,F,1,2000-09-23 03:23:34.463,Colombia,23/09/1982,0,Medellin,1,1,1,I
10117220622,IVAN ALEJANDRO,GARZON,Londoño,M,1,2000-09-23 03:23:34.464,Colombia,23/09/1982,0,Medellin,1,1,1,I
10117220623,Ivan,Garzon,Londoño,F,1,2000-09-23 03:23:34.465,Colombia,23/09/1982,0,Medellin,1,1,1,I
10117220624,GERMAN ANDRES,ZAPATA,LOPEZ,M,1,2000-09-23 03:23:34.466,Colombia,23/09/1982,0,Medellin,1,1,1,I
10117220625,German,Zapata,Londoño,F,1,2000-09-23 03:23:34.467,Colombia,23/09/1982,0,Medellin,1,1,1,I
10117220626,JOHAN STIVEL,JARAMILLO,LOPEZ,M,1,2000-09-23 03:23:34.468,Colombia,23/09/1982,0,Medellin,1,1,1,I
10117220627,NELIDA,VANEGAS,GONZALEZ,F,1,2000-09-23 03:23:34.469,Colombia,23/09/1982,0,Medellin,1,1,1,I
10117220628,Nelida,Vanegas,Londoño,M,1,2000-09-23 03:23:34.470,Colombia,23/09/1982,0,Medellin,1,1,1,I
10117220629,HELEN PATRICIA,BAZANTES,OSPINA,F,1,2000-09-23 03:23:34.471,Colombia,23/09/1982,0,Medellin,1,1,1,I
10117220630,LEIDY MARIA,VELEZ,Londoño,M,1,2000-09-23 03:23:34.472,Colombia,23/09/1982,0,Medellin,1,1,1,I
10117220631,Leidy,Velez,Londoño,F,1,2000-09-23 03:23:34.473,Colombia,23/09/1982,0,Medellin,1,1,1,I
10117220632,PATRICIA,RAMIREZ,DAZA,M,1,2000-09-23 03:23:34.474,Colombia,23/09/1982,0,Medellin,1,1,1,I
10117220633,ANA VERONICA,PIEDRAHITA,QUINCHIA,F,1,2000-09-23 03:23:34.475,Colombia,23/09/1982,0,Medellin,1,1,1,I
10117220634,Ana,Piedrahita,Londoño,M,1,2000-09-23 03:23:34.476,Colombia,23/09/1982,0,Medellin,1,1,1,I
10117220635,LEYDI CATALINA,LONDOÑO,LONDOÑO,F,1,2000-09-23 03:23:34.477,Colombia,23/09/1982,0,Medellin,1,1,1,I
10117220636,Leydi,Londo?o,Londoño,M,1,2000-09-23 03:23:34.478,Colombia,23/09/1982,0,Medellin,1,1,1,I
10117220637,MANUELA,CIFUENTES,DURANGO,F,1,2000-09-23 03:23:34.479,Colombia,23/09/1982,0,Medellin,1,1,1,I
10117220638,ANDRES FELIPE,GIL LOAIZA,Londoño,M,1,2000-09-23 03:23:34.480,Colombia,23/09/1982,0,Medellin,1,1,1,I
10117220639,Andres,Gil,Londoño,F,1,2000-09-23 03:23:34.481,Colombia,23/09/1982,0,Medellin,1,1,1,I
10117220640,YANETH ASTRID,GARCIA,CARDONA,M,1,2000-09-23 03:23:34.482,Colombia,23/09/1982,0,Medellin,1,1,1,I
10117220641,Sandra Milena,Garizabal Ramirez,Londoño,F,1,2000-09-23 03:23:34.483,Colombia,23/09/1982,0,Medellin,1,1,1,I
10117220642,Sandra,Garizabal,Londoño,M,1,2000-09-23 03:23:34.484,Colombia,23/09/1982,0,Medellin,1,1,1,I
10117220643,ADRIANA PATRICIA,BARRANCO RAMOS,Londoño,F,1,2000-09-23 03:23:34.485,Colombia,23/09/1982,0,Medellin,1,1,1,I
10117220644,Adriana,Barranco,Londoño,M,1,2000-09-23 03:23:34.486,Colombia,23/09/1982,0,Medellin,1,1,1,I
10117220645,GIOVANNI,IMITOLA,Londoño,F,1,2000-09-23 03:23:34.487,Colombia,23/09/1982,0,Medellin,1,1,1,I
10117220646,Giovanni,Imitola,Londoño,M,1,2000-09-23 03:23:34.488,Colombia,23/09/1982,0,Medellin,1,1,1,I
10117220647,DANIEL STIVEN,SOSSA,AGUDELO,F,1,2000-09-23 03:23:34.489,Colombia,23/09/1982,0,Medellin,1,1,1,I
10117220648,Luis Gabriel,Yepez,Avila,M,1,2000-09-23 03:23:34.490,Colombia,23/09/1982,0,Medellin,1,1,1,I
10117220649,MARIA FERNANDA,ORTIZ,HURTADO,F,1,2000-09-23 03:23:34.491,Colombia,23/09/1982,0,Medellin,1,1,1,I
10117220650,MARIA CRISTINA,CORREA,SALAZAR,M,1,2000-09-23 03:23:34.492,Colombia,23/09/1982,0,Medellin,1,1,1,I
10117220651,YEISY DEL MAR,OLAYA,CASTILLO,F,1,2000-09-23 03:23:34.493,Colombia,23/09/1982,18000,Medellin,1,1,1,I
10117220652,Yeisy,Olaya,Londoño,M,1,2000-09-23 03:23:34.494,Colombia,23/09/1982,18000,Medellin,1,1,1,I
10117220653,XIOMARA,CORDOBA,PACHON,F,1,2000-09-23 03:23:34.495,Colombia,23/09/1982,28000,Medellin,1,1,1,I
10117220654,Luz Stella,Franco,Londoño,M,1,2000-09-23 03:23:34.496,Colombia,23/09/1982,200000,Medellin,1,1,1,I
10117220655,Luz Stella,Franco,Londoño,F,1,2000-09-23 03:23:34.497,Colombia,23/09/1982,30000,Medellin,1,1,1,I
10117220656,Katherine Adriana,Agudelo,Pulgarin,M,1,2000-09-23 03:23:34.498,Colombia,23/09/1982,40000,Medellin,1,1,1,I
10117220657,ASTRID JOHANNA,GOMEZ,FORERO,F,1,2000-09-23 03:23:34.499,Colombia,23/09/1982,25000,Medellin,1,1,1,I
10117220658,JUAN CARLOS,RUIZ,VELASQUEZ,M,1,2000-09-23 03:23:34.500,Colombia,23/09/1982,100000,Medellin,1,1,1,I
10117220659,GERALDINNE,GOEZ OQUENDO,Londoño,F,1,2000-09-23 03:23:34.501,Colombia,23/09/1982,80000,Medellin,1,1,1,I
10117220660,ELIZABETH,ZAPATA,AGUDELO,M,1,2000-09-23 03:23:34.502,Colombia,23/09/1982,200000,Medellin,1,1,1,I
10117220661,JOHANNA,LOPEZ,ARROYAVE,F,1,2000-09-23 03:23:34.503,Colombia,23/09/1982,25000,Medellin,1,1,1,I
10117220662,Johanna,Lopez,Londoño,M,1,2000-09-23 03:23:34.504,Colombia,23/09/1982,50000,Medellin,1,1,1,I
10117220663,AURA MARCELA,MARTINEZ,CABRERA,F,1,2000-09-23 03:23:34.505,Colombia,23/09/1982,18000,Medellin,1,1,1,I
10117220664,Aura,Martinez,Londoño,M,1,2000-09-23 03:23:34.506,Colombia,23/09/1982,18000,Medellin,1,1,1,I
10117220665,SANDRA MARCELA,SALAZAR,Londoño,F,1,2000-09-23 03:23:34.507,Colombia,23/09/1982,18000,Medellin,1,1,1,I
10117220666,Marcela,Delgado,Londoño,M,1,2000-09-23 03:23:34.508,Colombia,23/09/1982,30000,Medellin,1,1,1,I
10117220667,YULIANA DEL CARMEN,VARGAS,TUIRAN,F,1,2000-09-23 03:23:34.509,Colombia,23/09/1982,30000,Medellin,1,1,1,I
10117220668,Claudia Yanet,Varela,Quintana,M,1,2000-09-23 03:23:34.510,Colombia,23/09/1982,30000,Medellin,1,1,1,I
10117220669,LORENA,CORREA,GUERRA,F,1,2000-09-23 03:23:34.511,Colombia,23/09/1982,18000,Medellin,1,1,1,I
10117220670,Lorena,Correa,Londoño,M,1,2000-09-23 03:23:34.512,Colombia,23/09/1982,18000,Medellin,1,1,1,I
10117220671,Maria Ester,Martinez,Agudelo,F,1,2000-09-23 03:23:34.513,Colombia,23/09/1982,30000,Medellin,1,1,1,I
10117220672,ROSA MARIA,OSPINA,PEREZ,M,1,2000-09-23 03:23:34.514,Colombia,23/09/1982,40000,Medellin,1,1,1,I
10117220673,Rosa,Ospina,Londoño,F,1,2000-09-23 03:23:34.515,Colombia,23/09/1982,25000,Medellin,1,1,1,I
10117220674,JULIANA,ISAZA,VELASQUEZ,M,1,2000-09-23 03:23:34.516,Colombia,23/09/1982,100000,Medellin,1,1,1,I
10117220675,YULIETH ANDREA,LOPEZ,RENDON,F,1,2000-09-23 03:23:34.517,Colombia,23/09/1982,80000,Medellin,1,1,1,I
10117220676,Yulieth,Lopez,Londoño,M,1,2000-09-23 03:23:34.518,Colombia,23/09/1982,200000,Medellin,1,1,1,I
10117220677,Andrea,Giraldo,Perez,F,1,2000-09-23 03:23:34.519,Colombia,23/09/1982,30000,Medellin,1,1,1,I
10117220678,LUISA FERNANDA,ORTIZ,ORTIZ,M,1,2000-09-23 03:23:34.520,Colombia,23/09/1982,30000,Medellin,1,1,1,I
10117220679,Luisa,Ortiz,Londoño,F,1,2000-09-23 03:23:34.521,Colombia,23/09/1982,40000,Medellin,1,1,1,I
10117220680,DAVID,MILLER,GOMEZ,M,1,2000-09-23 03:23:34.522,Colombia,23/09/1982,25000,Medellin,1,1,1,I
10117220681,LUZ MERY,GONZALEZ,MARIN,F,1,2000-09-23 03:23:34.523,Colombia,23/09/1982,40000,Medellin,1,1,1,I
10117220682,LAURA,ZAPATA,LOAIZA,M,1,2000-09-23 03:23:34.524,Colombia,23/09/1982,50000,Medellin,1,1,1,I
10117220683,MIRLEY ALEIDI,MARTINEZ,AGUDELO,F,1,2000-09-23 03:23:34.525,Colombia,23/09/1982,10000,Medellin,1,1,1,I
10117220684,Mirley,Martinez,Londoño,M,1,2000-09-23 03:23:34.526,Colombia,23/09/1982,30000,Medellin,1,1,1,I
10117220685,CARMEN ROSA,AGUDELO,SIERRA,F,1,2000-09-23 03:23:34.527,Colombia,23/09/1982,40000,Medellin,1,1,1,I
10117220686,NILSON GUILLERMO,DIAZ,BECERRA,M,1,2000-09-23 03:23:34.528,Colombia,23/09/1982,25000,Medellin,1,1,1,I
10117220687,Nilson,Diaz,Londoño,F,1,2000-09-23 03:23:34.529,Colombia,23/09/1982,100000,Medellin,1,1,1,I
10117220688,Dora Luz,Arias,Madrid,M,1,2000-09-23 03:23:34.530,Colombia,23/09/1982,80000,Medellin,1,1,1,I
10117220689,Dora,Arias,Londoño,F,1,2000-09-23 03:23:34.531,Colombia,23/09/1982,200000,Medellin,1,1,1,I
10117220690,MILEIVY LIBETH,LONDOÑO,LUGO,M,1,2000-09-23 03:23:34.532,Colombia,23/09/1982,30000,Medellin,1,1,1,I
10117220691,KELLY YURANY,CADAVID,LAVERDE,F,1,2000-09-23 03:23:34.533,Colombia,23/09/1982,30000,Medellin,1,1,1,I
10117220692,MARIA PATRICIA,OSUNA,HENRIQUEZ,M,1,2000-09-23 03:23:34.534,Colombia,23/09/1982,40000,Medellin,1,1,1,I
10117220693,LAURA DANIELA,SUAREZ,GOMEZ,F,1,2000-09-23 03:23:34.535,Colombia,23/09/1982,25000,Medellin,1,1,1,I
10117220694,SARHA,MENDOZA,SERNA,M,1,2000-09-23 03:23:34.536,Colombia,23/09/1982,15000,Medellin,1,1,1,I
10117220695,Heidi Liceth,Dimian,Betancur,F,1,2000-09-23 03:23:34.537,Colombia,23/09/1982,18000,Medellin,1,1,1,I
10117220696,DANIEL,VELEZ,DIAZ,M,1,2000-09-23 03:23:34.538,Colombia,23/09/1982,26000,Medellin,1,1,1,I
10117220697,Manuel Fernando,Rodriguez,Marin,F,1,2000-09-23 03:23:34.539,Colombia,23/09/1982,28000,Medellin,1,1,1,I
10117220698,Manuel,Rodriguez,Londoño,M,1,2000-09-23 03:23:34.540,Colombia,23/09/1982,30000,Medellin,1,1,1,I
10117220699,CLAUDIA JANET,LAGARES,MONTERO,F,1,2000-09-23 03:23:34.541,Colombia,23/09/1982,40000,Medellin,1,1,1,I
10117220700,JOHANA ISABEL,MERCADO,PACHECO,M,1,2000-09-23 03:23:34.542,Colombia,23/09/1982,25000,Medellin,1,1,1,I
10117220701,ANA MARIA,SANCHEZ,VELASQUEZ,F,1,2000-09-23 03:23:34.543,Colombia,23/09/1982,100000,Medellin,1,1,1,I
10117220702,PEDRO NEL,CAUSIL,MORALES,M,1,2000-09-23 03:23:34.544,Colombia,23/09/1982,80000,Medellin,1,1,1,I
10117220703,MILEIDI YOHANA,MARTINEZ,CÓRDOBA,F,1,2000-09-23 03:23:34.545,Colombia,23/09/1982,200000,Medellin,1,1,1,I
10117220704,ELIZABETH CRISTINA,PEÑA,ORTIZ,M,1,2000-09-23 03:23:34.546,Colombia,23/09/1982,30000,Medellin,1,1,1,I
10117220705,Elizabeth,Peña,Londoño,F,1,2000-09-23 03:23:34.547,Colombia,23/09/1982,30000,Medellin,1,1,1,I
10117220706,Héctor Manuel,Aguas,Londoño,M,1,2000-09-23 03:23:34.548,Colombia,23/09/1982,40000,Medellin,1,1,1,I
10117220707,HEIDY GINETH,TORRES,BETANCOURT,F,1,2000-09-23 03:23:34.549,Colombia,23/09/1982,25000,Medellin,1,1,1,I
10117220708,Heidy,Torres,Londoño,M,1,2000-09-23 03:23:34.550,Colombia,23/09/1982,5000,Medellin,1,1,1,I
10117220709,LEIDY MARCELA,MUÑOZ,PIEDRAHITA,F,1,2000-09-23 03:23:34.551,Colombia,23/09/1982,5000,Medellin,1,1,1,I
10117220710,PAULINA CECILIA,MARULANDA,TEJADA,M,1,2000-09-23 03:23:34.552,Colombia,23/09/1982,30000,Medellin,1,1,1,I
10117220711,KEYLA PATRICIA,PEREZ,OYOLA,F,1,2000-09-23 03:23:34.553,Colombia,23/09/1982,40000,Medellin,1,1,1,I
10117220712,ANA ISABEL,BRACAMONTES,DIAZ,M,1,2000-09-23 03:23:34.554,Colombia,23/09/1982,25000,Medellin,1,1,1,I
10117220713,RUTH BIBIANA,GUTIERREZ,PEREZ,F,1,2000-09-23 03:23:34.555,Colombia,23/09/1982,100000,Medellin,1,1,1,I
10117220714,Leidy,Gallego,Sanchez,M,1,2000-09-23 03:23:34.556,Colombia,23/09/1982,80000,Medellin,1,1,1,I
10117220715,LEIDY GIOVANA,PUIN,CASTILLO,F,1,2000-09-23 03:23:34.557,Colombia,23/09/1982,200000,Medellin,1,1,1,I
10117220716,LUISA FERNANDA,PINEDA,NAVARRETE,M,1,2000-09-23 03:23:34.558,Colombia,23/09/1982,30000,Medellin,1,1,1,I
10117220717,DANIELA,MADRID,RAMIREZ,F,1,2000-09-23 03:23:34.559,Colombia,23/09/1982,30000,Medellin,1,1,1,I
10117220718,MONICA PATRICIA,RAMIREZ,VASQUEZ,M,1,2000-09-23 03:23:34.560,Colombia,23/09/1982,40000,Medellin,1,1,1,I
10117220719,GLADYS CARMENZA,RODRIGUEZ,MONTERO,F,1,2000-09-23 03:23:34.561,Colombia,23/09/1982,25000,Medellin,1,1,1,I
10117220720,CINDY TATIANA,ALEGRIA,VALENCIA,M,1,2000-09-23 03:23:34.562,Colombia,23/09/1982,18000,Medellin,1,1,1,I
10117220721,TATIANA JULLEY,ARANGO,RAMIREZ,F,1,2000-09-23 03:23:34.563,Colombia,23/09/1982,18000,Medellin,1,1,1,I
10117220722,Tatiana,Arango,Londoño,M,1,2000-09-23 03:23:34.564,Colombia,23/09/1982,18000,Medellin,1,1,1,I
10117220723,SANDRA MASIEL,GIRALDO,GIRALDO,F,1,2000-09-23 03:23:34.565,Colombia,23/09/1982,25000,Medellin,1,1,1,I
10117220724,ISABEL CRISTINA,PALACIO,CANO,M,1,2000-09-23 03:23:34.566,Colombia,23/09/1982,5000,Medellin,1,1,1,I
10117220725,Isabel,Palacio,Londoño,F,1,2000-09-23 03:23:34.567,Colombia,23/09/1982,5000,Medellin,1,1,1,I
10117220726,INGRID MARIANA,SANCHEZ,USAQUEN,M,1,2000-09-23 03:23:34.568,Colombia,23/09/1982,30000,Medellin,1,1,1,I
10117220727,SUSAN LORENA,DIAZ,ROSERO,F,1,2000-09-23 03:23:34.569,Colombia,23/09/1982,30000,Medellin,1,1,1,I
10117220728,EDILIA,VIDALES,CARTAGENA,M,1,2000-09-23 03:23:34.570,Colombia,23/09/1982,40000,Medellin,1,1,1,I
10117220729,CINDY LORENA,AVILA,SANCHEZ,F,1,2000-09-23 03:23:34.571,Colombia,23/09/1982,25000,Medellin,1,1,1,I
10117220730,Cindy,Avila,Londoño,M,1,2000-09-23 03:23:34.572,Colombia,23/09/1982,5000,Medellin,1,1,1,I
10117220731,Fernanda Estefania,Leyton,Rios,F,1,2000-09-23 03:23:34.573,Colombia,23/09/1982,5000,Medellin,1,1,1,I
10117220732,KELLY JOHANA,HINCAPIE,RESTREPO,M,1,2000-09-23 03:23:34.574,Colombia,23/09/1982,30000,Medellin,1,1,1,I
10117220733,CAROLINA,CUADROS,AGUIRRE,F,1,2000-09-23 03:23:34.575,Colombia,23/09/1982,30000,Medellin,1,1,1,I
10117220734,ERICA YULIE,VILLAMIL,HENAO,M,1,2000-09-23 03:23:34.576,Colombia,23/09/1982,40000,Medellin,1,1,1,I
10117220735,Erica,Villamil,Londoño,F,1,2000-09-23 03:23:34.577,Colombia,23/09/1982,45000,Medellin,1,1,1,I
10117220736,Paola Andrea,Bedoya,Góngora,M,1,2000-09-23 03:23:34.578,Colombia,23/09/1982,45000,Medellin,1,1,1,I
10117220737,LEIDY JOHANNA,TRUJILLO,TAFUR,F,1,2000-09-23 03:23:34.579,Colombia,23/09/1982,45000,Medellin,1,1,1,I
10117220738,Leidy,Trujillo,Londoño,M,1,2000-09-23 03:23:34.580,Colombia,23/09/1982,45000,Medellin,1,1,1,I
10117220739,TATIANA,RESTREPO,LONDOÑO,F,1,2000-09-23 03:23:34.581,Colombia,23/09/1982,45000,Medellin,1,1,1,I
10117220740,SARA VALENTINA,MARIN,TAMAYO,M,1,2000-09-23 03:23:34.582,Colombia,23/09/1982,50000,Medellin,1,1,1,I
10117220741,YULY CLARENA,GIRALDO,MAYA,F,1,2000-09-23 03:23:34.583,Colombia,23/09/1982,30000,Medellin,1,1,1,I
10117220742,Yuly,Giraldo,Londoño,M,1,2000-09-23 03:23:34.584,Colombia,23/09/1982,0,Medellin,1,1,1,I
10117220743,INGRY PATRICIA,CHICA,OME,F,1,2000-09-23 03:23:34.585,Colombia,23/09/1982,0,Medellin,1,1,1,I
10117220744,Ingry,Chica,Londoño,M,1,2000-09-23 03:23:34.586,Colombia,23/09/1982,0,Medellin,1,1,1,I
10117220745,ELIANA MARIA,LOPEZ,LOPEZ,F,1,2000-09-23 03:23:34.587,Colombia,23/09/1982,0,Medellin,1,1,1,I
10117220746,Eliana,Lopez,Londoño,M,1,2000-09-23 03:23:34.588,Colombia,23/09/1982,0,Medellin,1,1,1,I
10117220747,CLAUDIA LORENA,GIRALDO,ALVARADO,F,1,2000-09-23 03:23:34.589,Colombia,23/09/1982,0,Medellin,1,1,1,I
10117220748,Claudia,Giraldo,Londoño,M,1,2000-09-23 03:23:34.590,Colombia,23/09/1982,0,Medellin,1,1,1,I
10117220749,Adriana,Cardenas,Londoño,F,1,2000-09-23 03:23:34.591,Colombia,23/09/1982,0,Medellin,1,1,1,I
10117220750,Adriana,Cardenas,Londoño,M,1,2000-09-23 03:23:34.592,Colombia,23/09/1982,0,Medellin,1,1,1,I
10117220751,Ligia,Herrera,Londoño,F,1,2000-09-23 03:23:34.593,Colombia,23/09/1982,0,Medellin,1,1,1,I
10117220752,Ligia,Herrera,Londoño,M,1,2000-09-23 03:23:34.594,Colombia,23/09/1982,0,Medellin,1,1,1,I
10117220753,Paula,Gonzalez,Londoño,F,1,2000-09-23 03:23:34.595,Colombia,23/09/1982,0,Medellin,1,1,1,I
10117220754,Paula,Gonzalez,Londoño,M,1,2000-09-23 03:23:34.596,Colombia,23/09/1982,0,Medellin,1,1,1,I
10117220755,FRANCISCO JAVIER,PARDO,MORA,F,1,2000-09-23 03:23:34.597,Colombia,23/09/1982,0,Medellin,1,1,1,I
10117220756,Francisco,Pardo,Londoño,M,1,2000-09-23 03:23:34.598,Colombia,23/09/1982,0,Medellin,1,1,1,I
10117220757,Alexa,Ortega,Londoño,F,1,2000-09-23 03:23:34.599,Colombia,23/09/1982,0,Medellin,1,1,1,I
10117220758,Alexa,Ortega,Londoño,M,1,2000-09-23 03:23:34.600,Colombia,23/09/1982,0,Medellin,1,1,1,I
10117220759,Pilar,Tabares,Londoño,F,1,2000-09-23 03:23:34.601,Colombia,23/09/1982,40000,Medellin,1,1,1,I
10117220760,Pilar,Tabares,Londoño,M,1,2000-09-23 03:23:34.602,Colombia,23/09/1982,40000,Medellin,1,1,1,I
10117220761,SANDRA PATRICIA,FANDIÑO,MARTINEZ,F,1,2000-09-23 03:23:34.603,Colombia,23/09/1982,40000,Medellin,1,1,1,I
10117220762,Karen,Valencia,Londoño,M,1,2000-09-23 03:23:34.604,Colombia,23/09/1982,40000,Medellin,1,1,1,I
10117220763,Karen,Valencia,Londoño,F,1,2000-09-23 03:23:34.605,Colombia,23/09/1982,40000,Medellin,1,1,1,I
10117220764,Angie,Pulido,Londoño,M,1,2000-09-23 03:23:34.606,Colombia,23/09/1982,40000,Medellin,1,1,1,I
10117220765,Angie,Pulido,Londoño,F,1,2000-09-23 03:23:34.607,Colombia,23/09/1982,40000,Medellin,1,1,1,I
10117220766,SONIA EDITH,ROMERO,RAMIREZ,M,1,2000-09-23 03:23:34.608,Colombia,23/09/1982,40000,Medellin,1,1,1,I
10117220767,Amaider Soraida,Sepulveda,Londoño,F,1,2000-09-23 03:23:34.609,Colombia,23/09/1982,40000,Medellin,1,1,1,I
10117220768,Katerine,Uribe,Londoño,M,1,2000-09-23 03:23:34.610,Colombia,23/09/1982,40000,Medellin,1,1,1,I
10117220769,Katerine,Uribe,Londoño,F,1,2000-09-23 03:23:34.611,Colombia,23/09/1982,40000,Medellin,1,1,1,I
10117220770,Yeimer Yisneider,Marin,Betancur,M,1,2000-09-23 03:23:34.612,Colombia,23/09/1982,30000,Medellin,1,1,1,I
10117220771,Haidy,Jimenez,Londoño,F,1,2000-09-23 03:23:34.613,Colombia,23/09/1982,40000,Medellin,1,1,1,I
10117220772,Haidy,Jimenez,Londoño,M,1,2000-09-23 03:23:34.614,Colombia,23/09/1982,25000,Medellin,1,1,1,I
10117220773,TULIA DEL CARMEN,CASTILLA,DEJANON,F,1,2000-09-23 03:23:34.615,Colombia,23/09/1982,100000,Medellin,1,1,1,I
10117220774,Maria Camila,Garzon,Ramirez,M,1,2000-09-23 03:23:34.616,Colombia,23/09/1982,80000,Medellin,1,1,1,I
10117220775,Samanta,Fernandez,Londoño,F,1,2000-09-23 03:23:34.617,Colombia,23/09/1982,200000,Medellin,1,1,1,I
10117220776,Samanta,Fernandez,Londoño,M,1,2000-09-23 03:23:34.618,Colombia,23/09/1982,30000,Medellin,1,1,1,I
10117220777,Sara,Acevedo,Londoño,F,1,2000-09-23 03:23:34.619,Colombia,23/09/1982,30000,Medellin,1,1,1,I
10117220778,Sara,Acevedo,Londoño,M,1,2000-09-23 03:23:34.620,Colombia,23/09/1982,40000,Medellin,1,1,1,I
10117220779,VALENTINA,ARANGO,MARIN,F,1,2000-09-23 03:23:34.621,Colombia,23/09/1982,25000,Medellin,1,1,1,I
10117220780,Diana,Balanta,Londoño,M,1,2000-09-23 03:23:34.622,Colombia,23/09/1982,30000,Medellin,1,1,1,I
10117220781,Cindy,Pabon,Londoño,F,1,2000-09-23 03:23:34.623,Colombia,23/09/1982,40000,Medellin,1,1,1,I
10117220782,Cindy,Pabon,Londoño,M,1,2000-09-23 03:23:34.624,Colombia,23/09/1982,25000,Medellin,1,1,1,I
10117220783,Astrid,Martinez,Londoño,F,1,2000-09-23 03:23:34.625,Colombia,23/09/1982,100000,Medellin,1,1,1,I
10117220784,Astrid,Martinez,Londoño,M,1,2000-09-23 03:23:34.626,Colombia,23/09/1982,80000,Medellin,1,1,1,I
10117220785,DENNIS MURIEL,POVEDA,GONZALEZ,F,1,2000-09-23 03:23:34.627,Colombia,23/09/1982,200000,Medellin,1,1,1,I
10117220786,Lesly,Castro,Londoño,M,1,2000-09-23 03:23:34.628,Colombia,23/09/1982,30000,Medellin,1,1,1,I
10117220787,Lesly,Castro,Londoño,F,1,2000-09-23 03:23:34.629,Colombia,23/09/1982,30000,Medellin,1,1,1,I
10117220788,Natalia,Agudelo,Londoño,M,1,2000-09-23 03:23:34.630,Colombia,23/09/1982,40000,Medellin,1,1,1,I
10117220789,Natalia,Agudelo,Londoño,F,1,2000-09-23 03:23:34.631,Colombia,23/09/1982,25000,Medellin,1,1,1,I
10117220790,CINDY JOHANNA,GIL,PEREZ,M,1,2000-09-23 03:23:34.632,Colombia,23/09/1982,25000,Medellin,1,1,1,I
10117220791,Jessica,Henao,Londoño,F,1,2000-09-23 03:23:34.633,Colombia,23/09/1982,25000,Medellin,1,1,1,I
10117220792,Jessica,Henao,Londoño,M,1,2000-09-23 03:23:34.634,Colombia,23/09/1982,25000,Medellin,1,1,1,I
10117220793,Inmaculada,Torrenegra,Londoño,F,1,2000-09-23 03:23:34.635,Colombia,23/09/1982,25000,Medellin,1,1,1,I
10117220794,Inmaculada,Torrenegra,Londoño,M,1,2000-09-23 03:23:34.636,Colombia,23/09/1982,25000,Medellin,1,1,1,I
10117220795,Maria,Diaz,Londoño,F,1,2000-09-23 03:23:34.637,Colombia,23/09/1982,50000,Medellin,1,1,1,I
10117220796,Maria,Diaz,Londoño,M,1,2000-09-23 03:23:34.638,Colombia,23/09/1982,25000,Medellin,1,1,1,I
10117220797,Wilson,Dimate,Londoño,F,1,2000-09-23 03:23:34.639,Colombia,23/09/1982,25000,Medellin,1,1,1,I
10117220798,Wilson,Dimate,Londoño,M,1,2000-09-23 03:23:34.640,Colombia,23/09/1982,25000,Medellin,1,1,1,I
10117220799,Lizeth,Espitia,Londoño,F,1,2000-09-23 03:23:34.641,Colombia,23/09/1982,25000,Medellin,1,1,1,I
10117220800,Lizeth,Espitia,Londoño,M,1,2000-09-23 03:23:34.642,Colombia,23/09/1982,25000,Medellin,1,1,1,I
10117220801,Katerine,Gomez,Londoño,F,1,2000-09-23 03:23:34.643,Colombia,23/09/1982,45000,Medellin,1,1,1,I
10117220802,Katerine,Gomez,Londoño,M,1,2000-09-23 03:23:34.644,Colombia,23/09/1982,50000,Medellin,1,1,1,I
10117220803,GONZALEZ OSORIO,YANIZET,CRISTINA,F,1,2000-09-23 03:23:34.645,Colombia,23/09/1982,50000,Medellin,1,1,1,I
10117220804,NEZLY VIVIANA,VILLEGAS,SARAZA,M,1,2000-09-23 03:23:34.646,Colombia,23/09/1982,50000,Medellin,1,1,1,I
10117220805,SANDRA  MILENA,ESTEVEZ,QUITIAN,F,1,2000-09-23 03:23:34.647,Colombia,23/09/1982,50000,Medellin,1,1,1,I
10117220806,Maria,Gil,Londoño,M,1,2000-09-23 03:23:34.648,Colombia,23/09/1982,25000,Medellin,1,1,1,I
10117220807,Maria,Gil,Londoño,F,1,2000-09-23 03:23:34.649,Colombia,23/09/1982,25000,Medellin,1,1,1,I
10117220808,Erly,Lugo,Londoño,M,1,2000-09-23 03:23:34.650,Colombia,23/09/1982,25000,Medellin,1,1,1,I
10117220809,Erly,Lugo,Londoño,F,1,2000-09-23 03:23:34.651,Colombia,23/09/1982,25000,Medellin,1,1,1,I
10117220810,Ingrid,Vahos,Londoño,M,1,2000-09-23 03:23:34.652,Colombia,23/09/1982,25000,Medellin,1,1,1,I
10117220811,Ingrid,Vahos,Londoño,F,1,2000-09-23 03:23:34.653,Colombia,23/09/1982,45000,Medellin,1,1,1,I
10117220812,YOLIMA INES,PEREZ,ORTEGA,M,1,2000-09-23 03:23:34.654,Colombia,23/09/1982,50000,Medellin,1,1,1,I
10117220813,Yenifer,Gomez,Echeverri,F,1,2000-09-23 03:23:34.655,Colombia,23/09/1982,25000,Medellin,1,1,1,I
10117220814,JOSE VICENTE,SANTIAGO,LOPEZ,M,1,2000-09-23 03:23:34.656,Colombia,23/09/1982,25000,Medellin,1,1,1,I
10117220815,Erika Johana,Osorio,Cardona,F,1,2000-09-23 03:23:34.657,Colombia,23/09/1982,25000,Medellin,1,1,1,I
10117220816,Gloria Maria,Santafe,Alzate,M,1,2000-09-23 03:23:34.658,Colombia,23/09/1982,25000,Medellin,1,1,1,I
10117220817,Sandra,Vasquez,Londoño,F,1,2000-09-23 03:23:34.659,Colombia,23/09/1982,25000,Medellin,1,1,1,I
10117220818,Sandra,Vasquez,Londoño,M,1,2000-09-23 03:23:34.660,Colombia,23/09/1982,45000,Medellin,1,1,1,I
10117220819,Marta,Angel,Londoño,F,1,2000-09-23 03:23:34.661,Colombia,23/09/1982,0,Medellin,1,1,1,I
10117220820,Marta,Angel,Londoño,M,1,2000-09-23 03:23:34.662,Colombia,23/09/1982,0,Medellin,1,1,1,I
10117220821,Diana Cristina,Perez,Loaiza,F,1,2000-09-23 03:23:34.663,Colombia,23/09/1982,0,Medellin,1,1,1,I
10117220822,Blanca,Gomez,Londoño,M,1,2000-09-23 03:23:34.664,Colombia,23/09/1982,0,Medellin,1,1,1,I
10117220823,Blanca,Gomez,Londoño,F,1,2000-09-23 03:23:34.665,Colombia,23/09/1982,0,Medellin,1,1,1,I
10117220824,Daniel,Sosa,Londoño,M,1,2000-09-23 03:23:34.666,Colombia,23/09/1982,0,Medellin,1,1,1,I
10117220825,Daniel,Sosa,Londoño,F,1,2000-09-23 03:23:34.667,Colombia,23/09/1982,0,Medellin,1,1,1,I
10117220826,Maria,Rocha,Londoño,M,1,2000-09-23 03:23:34.668,Colombia,23/09/1982,0,Medellin,1,1,1,I
10117220827,Maria,Rocha,Londoño,F,1,2000-09-23 03:23:34.669,Colombia,23/09/1982,0,Medellin,1,1,1,I
10117220828,July Vanessa,Toro,Ruiz,M,1,2000-09-23 03:23:34.670,Colombia,23/09/1982,0,Medellin,1,1,1,I
10117220829,Derly,Castro,Londoño,F,1,2000-09-23 03:23:34.671,Colombia,23/09/1982,0,Medellin,1,1,1,I
10117220830,Derly,Castro,Londoño,M,1,2000-09-23 03:23:34.672,Colombia,23/09/1982,0,Medellin,1,1,1,I
10117220831,Maria,Garrido,Londoño,F,1,2000-09-23 03:23:34.673,Colombia,23/09/1982,0,Medellin,1,1,1,I
10117220832,Maria,Garrido,Londoño,M,1,2000-09-23 03:23:34.674,Colombia,23/09/1982,0,Medellin,1,1,1,I
10117220833,MONICA TATIANA,MONTENEGRO,ZABALETA,F,1,2000-09-23 03:23:34.675,Colombia,23/09/1982,0,Medellin,1,1,1,I
10117220834,LUZ ELENA,ANGEL,ALVAREZ,M,1,2000-09-23 03:23:34.676,Colombia,23/09/1982,0,Medellin,1,1,1,I
10117220835,Daniela,Palacio,Londoño,F,1,2000-09-23 03:23:34.677,Colombia,23/09/1982,0,Medellin,1,1,1,I
10117220836,Daniela,Palacio,Londoño,M,1,2000-09-23 03:23:34.678,Colombia,23/09/1982,25000,Medellin,1,1,1,I
10117220837,Ana,Tapias,Londoño,F,1,2000-09-23 03:23:34.679,Colombia,23/09/1982,25000,Medellin,1,1,1,I
10117220838,Ana,Tapias,Londoño,M,1,2000-09-23 03:23:34.680,Colombia,23/09/1982,25000,Medellin,1,1,1,I
10117220839,Yeny,Cely,Londoño,F,1,2000-09-23 03:23:34.681,Colombia,23/09/1982,45000,Medellin,1,1,1,I
10117220840,Yeny,Cely,Londoño,M,1,2000-09-23 03:23:34.682,Colombia,23/09/1982,30000,Medellin,1,1,1,I
10117220841,BLANCA SUJEY,SANCHEZ,AYALA,F,1,2000-09-23 03:23:34.683,Colombia,23/09/1982,30000,Medellin,1,1,1,I
10117220842,NATALIA,SUAREZ,ALZATE,M,1,2000-09-23 03:23:34.684,Colombia,23/09/1982,30000,Medellin,1,1,1,I
10117220843,Claudia,Vasquez,Londoño,F,1,2000-09-23 03:23:34.685,Colombia,23/09/1982,45000,Medellin,1,1,1,I
10117220844,Claudia,Vasquez,Londoño,M,1,2000-09-23 03:23:34.686,Colombia,23/09/1982,45000,Medellin,1,1,1,I
10117220845,SHIRLEY MILENA,RIVADENEIRA,ZABALA,F,1,2000-09-23 03:23:34.687,Colombia,23/09/1982,45000,Medellin,1,1,1,I
10117220846,Wendy,Longa,Londoño,M,1,2000-09-23 03:23:34.688,Colombia,23/09/1982,45000,Medellin,1,1,1,I
10117220847,Wendy,Longa,Londoño,F,1,2000-09-23 03:23:34.689,Colombia,23/09/1982,0,Medellin,1,1,1,I
10117220848,Jenny,Ortega,Londoño,M,1,2000-09-23 03:23:34.690,Colombia,23/09/1982,0,Medellin,1,1,1,I
10117220849,Jenny,Ortega,Londoño,F,1,2000-09-23 03:23:34.691,Colombia,23/09/1982,0,Medellin,1,1,1,I
10117220850,Gloria Arelis,Ubaldo,Perez,M,1,2000-09-23 03:23:34.692,Colombia,23/09/1982,0,Medellin,1,1,1,I
10117220851,ANA ELSY,MUÑOZ,Londoño,F,1,2000-09-23 03:23:34.693,Colombia,23/09/1982,0,Medellin,1,1,1,I
10117220852,LETICIA,PEÑALOZA,CARREÑO,M,1,2000-09-23 03:23:34.694,Colombia,23/09/1982,0,Medellin,1,1,1,I
10117220853,ALEXIS,RESTREPO,POSADA,F,1,2000-09-23 03:23:34.695,Colombia,23/09/1982,0,Medellin,1,1,1,I
10117220854,Lina,Mendez,Londoño,M,1,2000-09-23 03:23:34.696,Colombia,23/09/1982,0,Medellin,1,1,1,I
10117220855,DEISY,DEDERLE,ARENAS,F,1,2000-09-23 03:23:34.697,Colombia,23/09/1982,0,Medellin,1,1,1,I
10117220856,SERGIO ANDRES,SOTELO,ESCOBAR,M,1,2000-09-23 03:23:34.698,Colombia,23/09/1982,0,Medellin,1,1,1,I
10117220857,Sthephanie,De,Londoño,F,1,2000-09-23 03:23:34.699,Colombia,23/09/1982,0,Medellin,1,1,1,I
10117220858,Sthephanie,De Los Rios,Londoño,M,1,2000-09-23 03:23:34.700,Colombia,23/09/1982,0,Medellin,1,1,1,I
10117220859,Michell,Vargas,Londoño,F,1,2000-09-23 03:23:34.701,Colombia,23/09/1982,0,Medellin,1,1,1,I
10117220860,Michell,Vargas,Londoño,M,1,2000-09-23 03:23:34.702,Colombia,23/09/1982,0,Medellin,1,1,1,I
10117220861,Nanabel,Villa,Londoño,F,1,2000-09-23 03:23:34.703,Colombia,23/09/1982,0,Medellin,1,1,1,I
10117220862,Nanabel,Villa,Londoño,M,1,2000-09-23 03:23:34.704,Colombia,23/09/1982,0,Medellin,1,1,1,I
10117220863,Angie,Vallejo,Londoño,F,1,2000-09-23 03:23:34.705,Colombia,23/09/1982,0,Medellin,1,1,1,I
10117220864,SIXTA TULIA,PARODY,PARODY,M,1,2000-09-23 03:23:34.706,Colombia,23/09/1982,50000,Medellin,1,1,1,I
10117220865,Daniel,Campo,Londoño,F,1,2000-09-23 03:23:34.707,Colombia,23/09/1982,50000,Medellin,1,1,1,I
10117220866,Daniel,Campo,Londoño,M,1,2000-09-23 03:23:34.708,Colombia,23/09/1982,50000,Medellin,1,1,1,I
10117220867,MARCELO,MARQUEZ,SANTOS,F,1,2000-09-23 03:23:34.709,Colombia,23/09/1982,50000,Medellin,1,1,1,I
10117220868,Angelica,Cortes,Londoño,M,1,2000-09-23 03:23:34.710,Colombia,23/09/1982,50000,Medellin,1,1,1,I
10117220869,Angelica,Cortes,Londoño,F,1,2000-09-23 03:23:34.711,Colombia,23/09/1982,50000,Medellin,1,1,1,I
10117220870,HELEN TATIANA,ARGUELLES,MADERA,M,1,2000-09-23 03:23:34.712,Colombia,23/09/1982,50000,Medellin,1,1,1,I
10117220871,MARIA ALEJANDRA,ESPAÃA,GORDILLO,F,1,2000-09-23 03:23:34.713,Colombia,23/09/1982,0,Medellin,1,1,1,I
10117220872,LEIDY JOHANA,ESCOBAR,ESCOBAR,M,1,2000-09-23 03:23:34.714,Colombia,23/09/1982,0,Medellin,1,1,1,I
10117220873,JHONATAN DE JESUS,OSORIO,USUGA,F,1,2000-09-23 03:23:34.715,Colombia,23/09/1982,0,Medellin,1,1,1,I
10117220874,STEPHANY ALEJANDRA,TRUJILLO,VARGAS,M,1,2000-09-23 03:23:34.716,Colombia,23/09/1982,0,Medellin,1,1,1,I
10117220875,LINA MARCELA,GOMEZ,OSORNO,F,1,2000-09-23 03:23:34.717,Colombia,23/09/1982,0,Medellin,1,1,1,I
10117220876,JULIAN DAVID,CORRALES,FLOREZ,M,1,2000-09-23 03:23:34.718,Colombia,23/09/1982,0,Medellin,1,1,1,I
10117220877,JORGE LEON,LOPERA,RUA,F,1,2000-09-23 03:23:34.719,Colombia,23/09/1982,0,Medellin,1,1,1,I
10117220878,YAMILE,LEON,GAMBOA,M,1,2000-09-23 03:23:34.720,Colombia,23/09/1982,0,Medellin,1,1,1,I
10117220879,FRANCISCO ANTONIO,TRIANA,Londoño,F,1,2000-09-23 03:23:34.721,Colombia,23/09/1982,0,Medellin,1,1,1,I
10117220880,Francisco,Triana,Londoño,M,1,2000-09-23 03:23:34.722,Colombia,23/09/1982,0,Medellin,1,1,1,I
10117220881,KELLY JOHANA,ESCALANTE,RINCON,F,1,2000-09-23 03:23:34.723,Colombia,23/09/1982,0,Medellin,1,1,1,I
10117220882,Dora Cristina,Agudelo,Sanchez,M,1,2000-09-23 03:23:34.724,Colombia,23/09/1982,0,Medellin,1,1,1,I
10117220883,Estefania,Rincon,Londoño,F,1,2000-09-23 03:23:34.725,Colombia,23/09/1982,0,Medellin,1,1,1,I
10117220884,ASTRID MILENA,GONZALEZ,JIMENEZ,M,1,2000-09-23 03:23:34.726,Colombia,23/09/1982,0,Medellin,1,1,1,I
10117220885,JUDITH SOFIA,GASTELBONDO,OROZCO,F,1,2000-09-23 03:23:34.727,Colombia,23/09/1982,0,Medellin,1,1,1,I
10117220886,RODRIGO ANDRES,AYALA,ZUÑIGA,M,1,2000-09-23 03:23:34.728,Colombia,23/09/1982,0,Medellin,1,1,1,I
10117220887,ALEXANDER,HERRON,ARROYAVE,F,1,2000-09-23 03:23:34.729,Colombia,23/09/1982,0,Medellin,1,1,1,I
10117220888,ELIANA MARIA,LOPEZ,LOPEZ,M,1,2000-09-23 03:23:34.730,Colombia,23/09/1982,54000,Medellin,1,1,1,I
10117220889,ANGELICA LUCIA,RODRIGUEZ,SANCHEZ,F,1,2000-09-23 03:23:34.731,Colombia,23/09/1982,54000,Medellin,1,1,1,I
10117220890,Edgar Eduardo,Duque,llinas,M,1,2000-09-23 03:23:34.732,Colombia,23/09/1982,54000,Medellin,1,1,1,I
10117220891,JESINELL,HERRERA,ECHENIQUE,F,1,2000-09-23 03:23:34.733,Colombia,23/09/1982,54000,Medellin,1,1,1,I
